{
  "learning_rate": {
    "lr=1e-05": 0.4540030109234314,
    "lr=3e-05": 0.5276653559988054,
    "lr=5e-05": 0.5545970118945738
  },
  "sequence_length": {
    "seq=256": 0.5191487858571975,
    "seq=512": 0.5376763461639882,
    "seq=1024": 0.5400525258739891
  },
  "pooling": {
    "cls": 0.5397753683802266,
    "mean": 0.5348079976742138
  },
  "class_weighting": {
    "class_weights=True": 0.5406879259282633,
    "class_weights=False": 0.5283562457178153
  },
  "freezing": {
    "head": 0.08968319027243149,
    "last_n": 0.37662656008547096,
    "full": 0.5379309363613337
  }
}